"/wiki/Bulbasaur" title="Bulbasaur">Bulbasaur
"/wiki/Ivysaur" title="Ivysaur">Ivysaur
"/wiki/Venusaur" title="Venusaur">Venusaur
"/wiki/Charmander" title="Charmander">Charmander
"/wiki/Charmeleon" title="Charmeleon">Charmeleon
"/wiki/Charizard" title="Charizard">Charizard
"/wiki/Squirtle" title="Squirtle">Squirtle
"/wiki/Wartortle" title="Wartortle">Wartortle
"/wiki/Blastoise" title="Blastoise">Blastoise
"/wiki/Caterpie" title="Caterpie">Caterpie
"/wiki/Metapod" title="Metapod">Metapod
"/wiki/Butterfree" title="Butterfree">Butterfree
"/wiki/Weedle" title="Weedle">Weedle
"/wiki/Kakuna" title="Kakuna">Kakuna
"/wiki/Beedrill" title="Beedrill">Beedrill
"/wiki/Pidgey" title="Pidgey">Pidgey
"/wiki/Pidgeotto" title="Pidgeotto">Pidgeotto
"/wiki/Pidgeot" title="Pidgeot">Pidgeot
"/wiki/Rattata" title="Rattata">Rattata
"/wiki/Raticate" title="Raticate">Raticate
"/wiki/Spearow" title="Spearow">Spearow
"/wiki/Fearow" title="Fearow">Fearow
"/wiki/Ekans" title="Ekans">Ekans
"/wiki/Arbok" title="Arbok">Arbok
"/wiki/Pikachu" title="Pikachu">Pikachu
"/wiki/Raichu" title="Raichu">Raichu
"/wiki/Sandshrew" title="Sandshrew">Sandshrew
"/wiki/Sandslash" title="Sandslash">Sandslash
"/wiki/Nidoran%E2%99%80" title="Nidoran♀">Nidoran♀
"/wiki/Nidorina" title="Nidorina">Nidorina
"/wiki/Nidoqueen" title="Nidoqueen">Nidoqueen
"/wiki/Nidoran%E2%99%82" title="Nidoran♂">Nidoran♂
"/wiki/Nidorino" title="Nidorino">Nidorino
"/wiki/Nidoking" title="Nidoking">Nidoking
"/wiki/Clefairy" title="Clefairy">Clefairy
"/wiki/Clefable" title="Clefable">Clefable
"/wiki/Vulpix" title="Vulpix">Vulpix
"/wiki/Ninetales" title="Ninetales">Ninetales
"/wiki/Jigglypuff" title="Jigglypuff">Jigglypuff
"/wiki/Wigglytuff" title="Wigglytuff">Wigglytuff
"/wiki/Zubat" title="Zubat">Zubat
"/wiki/Golbat" title="Golbat">Golbat
"/wiki/Oddish" title="Oddish">Oddish
"/wiki/Gloom" title="Gloom">Gloom
"/wiki/Vileplume" title="Vileplume">Vileplume
"/wiki/Paras" title="Paras">Paras
"/wiki/Parasect" title="Parasect">Parasect
"/wiki/Venonat" title="Venonat">Venonat
"/wiki/Venomoth" title="Venomoth">Venomoth
"/wiki/Diglett" title="Diglett">Diglett
"/wiki/Dugtrio" title="Dugtrio">Dugtrio
"/wiki/Meowth" title="Meowth">Meowth
"/wiki/Persian" title="Persian">Persian
"/wiki/Psyduck" title="Psyduck">Psyduck
"/wiki/Golduck" title="Golduck">Golduck
"/wiki/Mankey" title="Mankey">Mankey
"/wiki/Primeape" title="Primeape">Primeape
"/wiki/Growlithe" title="Growlithe">Growlithe
"/wiki/Arcanine" title="Arcanine">Arcanine
"/wiki/Poliwag" title="Poliwag">Poliwag
"/wiki/Poliwhirl" title="Poliwhirl">Poliwhirl
"/wiki/Poliwrath" title="Poliwrath">Poliwrath
"/wiki/Abra" title="Abra">Abra
"/wiki/Kadabra" title="Kadabra">Kadabra
"/wiki/Alakazam" title="Alakazam">Alakazam
"/wiki/Machop" title="Machop">Machop
"/wiki/Machoke" title="Machoke">Machoke
"/wiki/Machamp" title="Machamp">Machamp
"/wiki/Bellsprout" title="Bellsprout">Bellsprout
"/wiki/Weepinbell" title="Weepinbell">Weepinbell
"/wiki/Victreebel" title="Victreebel">Victreebel
"/wiki/Tentacool" title="Tentacool">Tentacool
"/wiki/Tentacruel" title="Tentacruel">Tentacruel
"/wiki/Geodude" title="Geodude">Geodude
"/wiki/Graveler" title="Graveler">Graveler
"/wiki/Golem" title="Golem">Golem
"/wiki/Ponyta" title="Ponyta">Ponyta
"/wiki/Rapidash" title="Rapidash">Rapidash
"/wiki/Slowpoke" title="Slowpoke">Slowpoke
"/wiki/Slowbro" title="Slowbro">Slowbro
"/wiki/Magnemite" title="Magnemite">Magnemite
"/wiki/Magneton" title="Magneton">Magneton
"/wiki/Farfetch%27d" title="Farfetch&#39;d">Farfetch'd
"/wiki/Doduo" title="Doduo">Doduo
"/wiki/Dodrio" title="Dodrio">Dodrio
"/wiki/Seel" title="Seel">Seel
"/wiki/Dewgong" title="Dewgong">Dewgong
"/wiki/Grimer" title="Grimer">Grimer
"/wiki/Muk" title="Muk">Muk
"/wiki/Shellder" title="Shellder">Shellder
"/wiki/Cloyster" title="Cloyster">Cloyster
"/wiki/Gastly" title="Gastly">Gastly
"/wiki/Haunter" title="Haunter">Haunter
"/wiki/Gengar" title="Gengar">Gengar
"/wiki/Onix" title="Onix">Onix
"/wiki/Drowzee" title="Drowzee">Drowzee
"/wiki/Hypno" title="Hypno">Hypno
"/wiki/Krabby" title="Krabby">Krabby
"/wiki/Kingler" title="Kingler">Kingler
"/wiki/Voltorb" title="Voltorb">Voltorb
"/wiki/Electrode" title="Electrode">Electrode
"/wiki/Exeggcute" title="Exeggcute">Exeggcute
"/wiki/Exeggutor" title="Exeggutor">Exeggutor
"/wiki/Cubone" title="Cubone">Cubone
"/wiki/Marowak" title="Marowak">Marowak
"/wiki/Hitmonlee" title="Hitmonlee">Hitmonlee
"/wiki/Hitmonchan" title="Hitmonchan">Hitmonchan
"/wiki/Lickitung" title="Lickitung">Lickitung
"/wiki/Koffing" title="Koffing">Koffing
"/wiki/Weezing" title="Weezing">Weezing
"/wiki/Rhyhorn" title="Rhyhorn">Rhyhorn
"/wiki/Rhydon" title="Rhydon">Rhydon
"/wiki/Chansey" title="Chansey">Chansey
"/wiki/Tangela" title="Tangela">Tangela
"/wiki/Kangaskhan" title="Kangaskhan">Kangaskhan
"/wiki/Horsea" title="Horsea">Horsea
"/wiki/Seadra" title="Seadra">Seadra
"/wiki/Goldeen" title="Goldeen">Goldeen
"/wiki/Seaking" title="Seaking">Seaking
"/wiki/Staryu" title="Staryu">Staryu
"/wiki/Starmie" title="Starmie">Starmie
"/wiki/Mr._Mime" title="Mr. Mime">Mr. Mime
"/wiki/Scyther" title="Scyther">Scyther
"/wiki/Jynx" title="Jynx">Jynx
"/wiki/Electabuzz" title="Electabuzz">Electabuzz
"/wiki/Magmar" title="Magmar">Magmar
"/wiki/Pinsir" title="Pinsir">Pinsir
"/wiki/Tauros" title="Tauros">Tauros
"/wiki/Magikarp" title="Magikarp">Magikarp
"/wiki/Gyarados" title="Gyarados">Gyarados
"/wiki/Lapras" title="Lapras">Lapras
"/wiki/Ditto" title="Ditto">Ditto
"/wiki/Eevee" title="Eevee">Eevee
"/wiki/Vaporeon" title="Vaporeon">Vaporeon
"/wiki/Jolteon" title="Jolteon">Jolteon
"/wiki/Flareon" title="Flareon">Flareon
"/wiki/Porygon" title="Porygon">Porygon
"/wiki/Omanyte" title="Omanyte">Omanyte
"/wiki/Omastar" title="Omastar">Omastar
"/wiki/Kabuto" title="Kabuto">Kabuto
"/wiki/Kabutops" title="Kabutops">Kabutops
"/wiki/Aerodactyl" title="Aerodactyl">Aerodactyl
"/wiki/Snorlax" title="Snorlax">Snorlax
"/wiki/Articuno" title="Articuno">Articuno
"/wiki/Zapdos" title="Zapdos">Zapdos
"/wiki/Moltres" title="Moltres">Moltres
"/wiki/Dratini" title="Dratini">Dratini
"/wiki/Dragonair" title="Dragonair">Dragonair
"/wiki/Dragonite" title="Dragonite">Dragonite
"/wiki/Mewtwo" title="Mewtwo">Mewtwo
"/wiki/Mew" title="Mew">Mew
"/wiki/Chikorita" title="Chikorita">Chikorita
"/wiki/Bayleef" title="Bayleef">Bayleef
"/wiki/Meganium" title="Meganium">Meganium
"/wiki/Cyndaquil" title="Cyndaquil">Cyndaquil
"/wiki/Quilava" title="Quilava">Quilava
"/wiki/Typhlosion" title="Typhlosion">Typhlosion
"/wiki/Totodile" title="Totodile">Totodile
"/wiki/Croconaw" title="Croconaw">Croconaw
"/wiki/Feraligatr" title="Feraligatr">Feraligatr
"/wiki/Sentret" title="Sentret">Sentret
"/wiki/Furret" title="Furret">Furret
"/wiki/Hoothoot" title="Hoothoot">Hoothoot
"/wiki/Noctowl" title="Noctowl">Noctowl
"/wiki/Ledyba" title="Ledyba">Ledyba
"/wiki/Ledian" title="Ledian">Ledian
"/wiki/Spinarak" title="Spinarak">Spinarak
"/wiki/Ariados" title="Ariados">Ariados
"/wiki/Crobat" title="Crobat">Crobat
"/wiki/Chinchou" title="Chinchou">Chinchou
"/wiki/Lanturn" title="Lanturn">Lanturn
"/wiki/Pichu" title="Pichu">Pichu
"/wiki/Cleffa" title="Cleffa">Cleffa
"/wiki/Igglybuff" title="Igglybuff">Igglybuff
"/wiki/Togepi" title="Togepi">Togepi
"/wiki/Togetic" title="Togetic">Togetic
"/wiki/Natu" title="Natu">Natu
"/wiki/Xatu" title="Xatu">Xatu
"/wiki/Mareep" title="Mareep">Mareep
"/wiki/Flaaffy" title="Flaaffy">Flaaffy
"/wiki/Ampharos" title="Ampharos">Ampharos
"/wiki/Bellossom" title="Bellossom">Bellossom
"/wiki/Marill" title="Marill">Marill
"/wiki/Azumarill" title="Azumarill">Azumarill
"/wiki/Sudowoodo" title="Sudowoodo">Sudowoodo
"/wiki/Politoed" title="Politoed">Politoed
"/wiki/Hoppip" title="Hoppip">Hoppip
"/wiki/Skiploom" title="Skiploom">Skiploom
"/wiki/Jumpluff" title="Jumpluff">Jumpluff
"/wiki/Aipom" title="Aipom">Aipom
"/wiki/Sunkern" title="Sunkern">Sunkern
"/wiki/Sunflora" title="Sunflora">Sunflora
"/wiki/Yanma" title="Yanma">Yanma
"/wiki/Wooper" title="Wooper">Wooper
"/wiki/Quagsire" title="Quagsire">Quagsire
"/wiki/Espeon" title="Espeon">Espeon
"/wiki/Umbreon" title="Umbreon">Umbreon
"/wiki/Murkrow" title="Murkrow">Murkrow
"/wiki/Slowking" title="Slowking">Slowking
"/wiki/Misdreavus" title="Misdreavus">Misdreavus
"/wiki/Unown" title="Unown">Unown
"/wiki/Wobbuffet" title="Wobbuffet">Wobbuffet
"/wiki/Girafarig" title="Girafarig">Girafarig
"/wiki/Pineco" title="Pineco">Pineco
"/wiki/Forretress" title="Forretress">Forretress
"/wiki/Dunsparce" title="Dunsparce">Dunsparce
"/wiki/Gligar" title="Gligar">Gligar
"/wiki/Steelix" title="Steelix">Steelix
"/wiki/Snubbull" title="Snubbull">Snubbull
"/wiki/Granbull" title="Granbull">Granbull
"/wiki/Qwilfish" title="Qwilfish">Qwilfish
"/wiki/Scizor" title="Scizor">Scizor
"/wiki/Shuckle" title="Shuckle">Shuckle
"/wiki/Heracross" title="Heracross">Heracross
"/wiki/Sneasel" title="Sneasel">Sneasel
"/wiki/Teddiursa" title="Teddiursa">Teddiursa
"/wiki/Ursaring" title="Ursaring">Ursaring
"/wiki/Slugma" title="Slugma">Slugma
"/wiki/Magcargo" title="Magcargo">Magcargo
"/wiki/Swinub" title="Swinub">Swinub
"/wiki/Piloswine" title="Piloswine">Piloswine
"/wiki/Corsola" title="Corsola">Corsola
"/wiki/Remoraid" title="Remoraid">Remoraid
"/wiki/Octillery" title="Octillery">Octillery
"/wiki/Delibird" title="Delibird">Delibird
"/wiki/Mantine" title="Mantine">Mantine
"/wiki/Skarmory" title="Skarmory">Skarmory
"/wiki/Houndour" title="Houndour">Houndour
"/wiki/Houndoom" title="Houndoom">Houndoom
"/wiki/Kingdra" title="Kingdra">Kingdra
"/wiki/Phanpy" title="Phanpy">Phanpy
"/wiki/Donphan" title="Donphan">Donphan
"/wiki/Porygon2" title="Porygon2">Porygon2
"/wiki/Stantler" title="Stantler">Stantler
"/wiki/Smeargle" title="Smeargle">Smeargle
"/wiki/Tyrogue" title="Tyrogue">Tyrogue
"/wiki/Hitmontop" title="Hitmontop">Hitmontop
"/wiki/Smoochum" title="Smoochum">Smoochum
"/wiki/Elekid" title="Elekid">Elekid
"/wiki/Magby" title="Magby">Magby
"/wiki/Miltank" title="Miltank">Miltank
"/wiki/Blissey" title="Blissey">Blissey
"/wiki/Raikou" title="Raikou">Raikou
"/wiki/Entei" title="Entei">Entei
"/wiki/Suicune" title="Suicune">Suicune
"/wiki/Larvitar" title="Larvitar">Larvitar
"/wiki/Pupitar" title="Pupitar">Pupitar
"/wiki/Tyranitar" title="Tyranitar">Tyranitar
"/wiki/Lugia" title="Lugia">Lugia
"/wiki/Ho-Oh" title="Ho-Oh">Ho-Oh
"/wiki/Celebi" title="Celebi">Celebi
"/wiki/Treecko" title="Treecko">Treecko
"/wiki/Grovyle" title="Grovyle">Grovyle
"/wiki/Sceptile" title="Sceptile">Sceptile
"/wiki/Torchic" title="Torchic">Torchic
"/wiki/Combusken" title="Combusken">Combusken
"/wiki/Blaziken" title="Blaziken">Blaziken
"/wiki/Mudkip" title="Mudkip">Mudkip
"/wiki/Marshtomp" title="Marshtomp">Marshtomp
"/wiki/Swampert" title="Swampert">Swampert
"/wiki/Poochyena" title="Poochyena">Poochyena
"/wiki/Mightyena" title="Mightyena">Mightyena
"/wiki/Zigzagoon" title="Zigzagoon">Zigzagoon
"/wiki/Linoone" title="Linoone">Linoone
"/wiki/Wurmple" title="Wurmple">Wurmple
"/wiki/Silcoon" title="Silcoon">Silcoon
"/wiki/Beautifly" title="Beautifly">Beautifly
"/wiki/Cascoon" title="Cascoon">Cascoon
"/wiki/Dustox" title="Dustox">Dustox
"/wiki/Lotad" title="Lotad">Lotad
"/wiki/Lombre" title="Lombre">Lombre
"/wiki/Ludicolo" title="Ludicolo">Ludicolo
"/wiki/Seedot" title="Seedot">Seedot
"/wiki/Nuzleaf" title="Nuzleaf">Nuzleaf
"/wiki/Shiftry" title="Shiftry">Shiftry
"/wiki/Taillow" title="Taillow">Taillow
"/wiki/Swellow" title="Swellow">Swellow
"/wiki/Wingull" title="Wingull">Wingull
"/wiki/Pelipper" title="Pelipper">Pelipper
"/wiki/Ralts" title="Ralts">Ralts
"/wiki/Kirlia" title="Kirlia">Kirlia
"/wiki/Gardevoir" title="Gardevoir">Gardevoir
"/wiki/Surskit" title="Surskit">Surskit
"/wiki/Masquerain" title="Masquerain">Masquerain
"/wiki/Shroomish" title="Shroomish">Shroomish
"/wiki/Breloom" title="Breloom">Breloom
"/wiki/Slakoth" title="Slakoth">Slakoth
"/wiki/Vigoroth" title="Vigoroth">Vigoroth
"/wiki/Slaking" title="Slaking">Slaking
"/wiki/Nincada" title="Nincada">Nincada
"/wiki/Ninjask" title="Ninjask">Ninjask
"/wiki/Shedinja" title="Shedinja">Shedinja
"/wiki/Whismur" title="Whismur">Whismur
"/wiki/Loudred" title="Loudred">Loudred
"/wiki/Exploud" title="Exploud">Exploud
"/wiki/Makuhita" title="Makuhita">Makuhita
"/wiki/Hariyama" title="Hariyama">Hariyama
"/wiki/Azurill" title="Azurill">Azurill
"/wiki/Nosepass" title="Nosepass">Nosepass
"/wiki/Skitty" title="Skitty">Skitty
"/wiki/Delcatty" title="Delcatty">Delcatty
"/wiki/Sableye" title="Sableye">Sableye
"/wiki/Mawile" title="Mawile">Mawile
"/wiki/Aron" title="Aron">Aron
"/wiki/Lairon" title="Lairon">Lairon
"/wiki/Aggron" title="Aggron">Aggron
"/wiki/Meditite" title="Meditite">Meditite
"/wiki/Medicham" title="Medicham">Medicham
"/wiki/Electrike" title="Electrike">Electrike
"/wiki/Manectric" title="Manectric">Manectric
"/wiki/Plusle" title="Plusle">Plusle
"/wiki/Minun" title="Minun">Minun
"/wiki/Volbeat" title="Volbeat">Volbeat
"/wiki/Illumise" title="Illumise">Illumise
"/wiki/Roselia" title="Roselia">Roselia
"/wiki/Gulpin" title="Gulpin">Gulpin
"/wiki/Swalot" title="Swalot">Swalot
"/wiki/Carvanha" title="Carvanha">Carvanha
"/wiki/Sharpedo" title="Sharpedo">Sharpedo
"/wiki/Wailmer" title="Wailmer">Wailmer
"/wiki/Wailord" title="Wailord">Wailord
"/wiki/Numel" title="Numel">Numel
"/wiki/Camerupt" title="Camerupt">Camerupt
"/wiki/Torkoal" title="Torkoal">Torkoal
"/wiki/Spoink" title="Spoink">Spoink
"/wiki/Grumpig" title="Grumpig">Grumpig
"/wiki/Spinda" title="Spinda">Spinda
"/wiki/Trapinch" title="Trapinch">Trapinch
"/wiki/Vibrava" title="Vibrava">Vibrava
"/wiki/Flygon" title="Flygon">Flygon
"/wiki/Cacnea" title="Cacnea">Cacnea
"/wiki/Cacturne" title="Cacturne">Cacturne
"/wiki/Swablu" title="Swablu">Swablu
"/wiki/Altaria" title="Altaria">Altaria
"/wiki/Zangoose" title="Zangoose">Zangoose
"/wiki/Seviper" title="Seviper">Seviper
"/wiki/Lunatone" title="Lunatone">Lunatone
"/wiki/Solrock" title="Solrock">Solrock
"/wiki/Barboach" title="Barboach">Barboach
"/wiki/Whiscash" title="Whiscash">Whiscash
"/wiki/Corphish" title="Corphish">Corphish
"/wiki/Crawdaunt" title="Crawdaunt">Crawdaunt
"/wiki/Baltoy" title="Baltoy">Baltoy
"/wiki/Claydol" title="Claydol">Claydol
"/wiki/Lileep" title="Lileep">Lileep
"/wiki/Cradily" title="Cradily">Cradily
"/wiki/Anorith" title="Anorith">Anorith
"/wiki/Armaldo" title="Armaldo">Armaldo
"/wiki/Feebas" title="Feebas">Feebas
"/wiki/Milotic" title="Milotic">Milotic
"/wiki/Castform" title="Castform">Castform
"/wiki/Kecleon" title="Kecleon">Kecleon
"/wiki/Shuppet" title="Shuppet">Shuppet
"/wiki/Banette" title="Banette">Banette
"/wiki/Duskull" title="Duskull">Duskull
"/wiki/Dusclops" title="Dusclops">Dusclops
"/wiki/Tropius" title="Tropius">Tropius
"/wiki/Chimecho" title="Chimecho">Chimecho
"/wiki/Absol" title="Absol">Absol
"/wiki/Wynaut" title="Wynaut">Wynaut
"/wiki/Snorunt" title="Snorunt">Snorunt
"/wiki/Glalie" title="Glalie">Glalie
"/wiki/Spheal" title="Spheal">Spheal
"/wiki/Sealeo" title="Sealeo">Sealeo
"/wiki/Walrein" title="Walrein">Walrein
"/wiki/Clamperl" title="Clamperl">Clamperl
"/wiki/Huntail" title="Huntail">Huntail
"/wiki/Gorebyss" title="Gorebyss">Gorebyss
"/wiki/Relicanth" title="Relicanth">Relicanth
"/wiki/Luvdisc" title="Luvdisc">Luvdisc
"/wiki/Bagon" title="Bagon">Bagon
"/wiki/Shelgon" title="Shelgon">Shelgon
"/wiki/Salamence" title="Salamence">Salamence
"/wiki/Beldum" title="Beldum">Beldum
"/wiki/Metang" title="Metang">Metang
"/wiki/Metagross" title="Metagross">Metagross
"/wiki/Regirock" title="Regirock">Regirock
"/wiki/Regice" title="Regice">Regice
"/wiki/Registeel" title="Registeel">Registeel
"/wiki/Latias" title="Latias">Latias
"/wiki/Latios" title="Latios">Latios
"/wiki/Kyogre" title="Kyogre">Kyogre
"/wiki/Groudon" title="Groudon">Groudon
"/wiki/Rayquaza" title="Rayquaza">Rayquaza
"/wiki/Jirachi" title="Jirachi">Jirachi
"/wiki/Deoxys" title="Deoxys">Deoxys
"/wiki/Turtwig" title="Turtwig">Turtwig
"/wiki/Grotle" title="Grotle">Grotle
"/wiki/Torterra" title="Torterra">Torterra
"/wiki/Chimchar" title="Chimchar">Chimchar
"/wiki/Monferno" title="Monferno">Monferno
"/wiki/Infernape" title="Infernape">Infernape
"/wiki/Piplup" title="Piplup">Piplup
"/wiki/Prinplup" title="Prinplup">Prinplup
"/wiki/Empoleon" title="Empoleon">Empoleon
"/wiki/Starly" title="Starly">Starly
"/wiki/Staravia" title="Staravia">Staravia
"/wiki/Staraptor" title="Staraptor">Staraptor
"/wiki/Bidoof" title="Bidoof">Bidoof
"/wiki/Bibarel" title="Bibarel">Bibarel
"/wiki/Kricketot" title="Kricketot">Kricketot
"/wiki/Kricketune" title="Kricketune">Kricketune
"/wiki/Shinx" title="Shinx">Shinx
"/wiki/Luxio" title="Luxio">Luxio
"/wiki/Luxray" title="Luxray">Luxray
"/wiki/Budew" title="Budew">Budew
"/wiki/Roserade" title="Roserade">Roserade
"/wiki/Cranidos" title="Cranidos">Cranidos
"/wiki/Rampardos" title="Rampardos">Rampardos
"/wiki/Shieldon" title="Shieldon">Shieldon
"/wiki/Bastiodon" title="Bastiodon">Bastiodon
"/wiki/Burmy" title="Burmy">Burmy
"/wiki/Wormadam" title="Wormadam">Wormadam
"/wiki/Mothim" title="Mothim">Mothim
"/wiki/Combee" title="Combee">Combee
"/wiki/Vespiquen" title="Vespiquen">Vespiquen
"/wiki/Pachirisu" title="Pachirisu">Pachirisu
"/wiki/Buizel" title="Buizel">Buizel
"/wiki/Floatzel" title="Floatzel">Floatzel
"/wiki/Cherubi" title="Cherubi">Cherubi
"/wiki/Cherrim" title="Cherrim">Cherrim
"/wiki/Shellos" title="Shellos">Shellos
"/wiki/Gastrodon" title="Gastrodon">Gastrodon
"/wiki/Ambipom" title="Ambipom">Ambipom
"/wiki/Drifloon" title="Drifloon">Drifloon
"/wiki/Drifblim" title="Drifblim">Drifblim
"/wiki/Buneary" title="Buneary">Buneary
"/wiki/Lopunny" title="Lopunny">Lopunny
"/wiki/Mismagius" title="Mismagius">Mismagius
"/wiki/Honchkrow" title="Honchkrow">Honchkrow
"/wiki/Glameow" title="Glameow">Glameow
"/wiki/Purugly" title="Purugly">Purugly
"/wiki/Chingling" title="Chingling">Chingling
"/wiki/Stunky" title="Stunky">Stunky
"/wiki/Skuntank" title="Skuntank">Skuntank
"/wiki/Bronzor" title="Bronzor">Bronzor
"/wiki/Bronzong" title="Bronzong">Bronzong
"/wiki/Bonsly" title="Bonsly">Bonsly
"/wiki/Mime_Jr." title="Mime Jr.">Mime Jr.
"/wiki/Happiny" title="Happiny">Happiny
"/wiki/Chatot" title="Chatot">Chatot
"/wiki/Spiritomb" title="Spiritomb">Spiritomb
"/wiki/Gible" title="Gible">Gible
"/wiki/Gabite" title="Gabite">Gabite
"/wiki/Garchomp" title="Garchomp">Garchomp
"/wiki/Munchlax" title="Munchlax">Munchlax
"/wiki/Riolu" title="Riolu">Riolu
"/wiki/Lucario" title="Lucario">Lucario
"/wiki/Hippopotas" title="Hippopotas">Hippopotas
"/wiki/Hippowdon" title="Hippowdon">Hippowdon
"/wiki/Skorupi" title="Skorupi">Skorupi
"/wiki/Drapion" title="Drapion">Drapion
"/wiki/Croagunk" title="Croagunk">Croagunk
"/wiki/Toxicroak" title="Toxicroak">Toxicroak
"/wiki/Carnivine" title="Carnivine">Carnivine
"/wiki/Finneon" title="Finneon">Finneon
"/wiki/Lumineon" title="Lumineon">Lumineon
"/wiki/Mantyke" title="Mantyke">Mantyke
"/wiki/Snover" title="Snover">Snover
"/wiki/Abomasnow" title="Abomasnow">Abomasnow
"/wiki/Weavile" title="Weavile">Weavile
"/wiki/Magnezone" title="Magnezone">Magnezone
"/wiki/Lickilicky" title="Lickilicky">Lickilicky
"/wiki/Rhyperior" title="Rhyperior">Rhyperior
"/wiki/Tangrowth" title="Tangrowth">Tangrowth
"/wiki/Electivire" title="Electivire">Electivire
"/wiki/Magmortar" title="Magmortar">Magmortar
"/wiki/Togekiss" title="Togekiss">Togekiss
"/wiki/Yanmega" title="Yanmega">Yanmega
"/wiki/Leafeon" title="Leafeon">Leafeon
"/wiki/Glaceon" title="Glaceon">Glaceon
"/wiki/Gliscor" title="Gliscor">Gliscor
"/wiki/Mamoswine" title="Mamoswine">Mamoswine
"/wiki/Porygon-Z" title="Porygon-Z">Porygon-Z
"/wiki/Gallade" title="Gallade">Gallade
"/wiki/Probopass" title="Probopass">Probopass
"/wiki/Dusknoir" title="Dusknoir">Dusknoir
"/wiki/Froslass" title="Froslass">Froslass
"/wiki/Rotom" title="Rotom">Rotom
"/wiki/Uxie" title="Uxie">Uxie
"/wiki/Mesprit" title="Mesprit">Mesprit
"/wiki/Azelf" title="Azelf">Azelf
"/wiki/Dialga" title="Dialga">Dialga
"/wiki/Palkia" title="Palkia">Palkia
"/wiki/Heatran" title="Heatran">Heatran
"/wiki/Regigigas" title="Regigigas">Regigigas
"/wiki/Giratina" title="Giratina">Giratina
"/wiki/Cresselia" title="Cresselia">Cresselia
"/wiki/Phione" title="Phione">Phione
"/wiki/Manaphy" title="Manaphy">Manaphy
"/wiki/Darkrai" title="Darkrai">Darkrai
"/wiki/Shaymin" title="Shaymin">Shaymin
"/wiki/Arceus" title="Arceus">Arceus
"/wiki/Victini" title="Victini">Victini
"/wiki/Snivy" title="Snivy">Snivy
"/wiki/Servine" title="Servine">Servine
"/wiki/Serperior" title="Serperior">Serperior
"/wiki/Tepig" title="Tepig">Tepig
"/wiki/Pignite" title="Pignite">Pignite
"/wiki/Emboar" title="Emboar">Emboar
"/wiki/Oshawott" title="Oshawott">Oshawott
"/wiki/Dewott" title="Dewott">Dewott
"/wiki/Samurott" title="Samurott">Samurott
"/wiki/Patrat" title="Patrat">Patrat
"/wiki/Watchog" title="Watchog">Watchog
"/wiki/Lillipup" title="Lillipup">Lillipup
"/wiki/Herdier" title="Herdier">Herdier
"/wiki/Stoutland" title="Stoutland">Stoutland
"/wiki/Purrloin" title="Purrloin">Purrloin
"/wiki/Liepard" title="Liepard">Liepard
"/wiki/Pansage" title="Pansage">Pansage
"/wiki/Simisage" title="Simisage">Simisage
"/wiki/Pansear" title="Pansear">Pansear
"/wiki/Simisear" title="Simisear">Simisear
"/wiki/Panpour" title="Panpour">Panpour
"/wiki/Simipour" title="Simipour">Simipour
"/wiki/Munna" title="Munna">Munna
"/wiki/Musharna" title="Musharna">Musharna
"/wiki/Pidove" title="Pidove">Pidove
"/wiki/Tranquill" title="Tranquill">Tranquill
"/wiki/Unfezant" title="Unfezant">Unfezant
"/wiki/Blitzle" title="Blitzle">Blitzle
"/wiki/Zebstrika" title="Zebstrika">Zebstrika
"/wiki/Roggenrola" title="Roggenrola">Roggenrola
"/wiki/Boldore" title="Boldore">Boldore
"/wiki/Gigalith" title="Gigalith">Gigalith
"/wiki/Woobat" title="Woobat">Woobat
"/wiki/Swoobat" title="Swoobat">Swoobat
"/wiki/Drilbur" title="Drilbur">Drilbur
"/wiki/Excadrill" title="Excadrill">Excadrill
"/wiki/Audino" title="Audino">Audino
"/wiki/Timburr" title="Timburr">Timburr
"/wiki/Gurdurr" title="Gurdurr">Gurdurr
"/wiki/Conkeldurr" title="Conkeldurr">Conkeldurr
"/wiki/Tympole" title="Tympole">Tympole
"/wiki/Palpitoad" title="Palpitoad">Palpitoad
"/wiki/Seismitoad" title="Seismitoad">Seismitoad
"/wiki/Throh" title="Throh">Throh
"/wiki/Sawk" title="Sawk">Sawk
"/wiki/Sewaddle" title="Sewaddle">Sewaddle
"/wiki/Swadloon" title="Swadloon">Swadloon
"/wiki/Leavanny" title="Leavanny">Leavanny
"/wiki/Venipede" title="Venipede">Venipede
"/wiki/Whirlipede" title="Whirlipede">Whirlipede
"/wiki/Scolipede" title="Scolipede">Scolipede
"/wiki/Cottonee" title="Cottonee">Cottonee
"/wiki/Whimsicott" title="Whimsicott">Whimsicott
"/wiki/Petilil" title="Petilil">Petilil
"/wiki/Lilligant" title="Lilligant">Lilligant
"/wiki/Basculin" title="Basculin">Basculin
"/wiki/Sandile" title="Sandile">Sandile
"/wiki/Krokorok" title="Krokorok">Krokorok
"/wiki/Krookodile" title="Krookodile">Krookodile
"/wiki/Darumaka" title="Darumaka">Darumaka
"/wiki/Darmanitan" title="Darmanitan">Darmanitan
"/wiki/Maractus" title="Maractus">Maractus
"/wiki/Dwebble" title="Dwebble">Dwebble
"/wiki/Crustle" title="Crustle">Crustle
"/wiki/Scraggy" title="Scraggy">Scraggy
"/wiki/Scrafty" title="Scrafty">Scrafty
"/wiki/Sigilyph" title="Sigilyph">Sigilyph
"/wiki/Yamask" title="Yamask">Yamask
"/wiki/Cofagrigus" title="Cofagrigus">Cofagrigus
"/wiki/Tirtouga" title="Tirtouga">Tirtouga
"/wiki/Carracosta" title="Carracosta">Carracosta
"/wiki/Archen" title="Archen">Archen
"/wiki/Archeops" title="Archeops">Archeops
"/wiki/Trubbish" title="Trubbish">Trubbish
"/wiki/Garbodor" title="Garbodor">Garbodor
"/wiki/Zorua" title="Zorua">Zorua
"/wiki/Zoroark" title="Zoroark">Zoroark
"/wiki/Minccino" title="Minccino">Minccino
"/wiki/Cinccino" title="Cinccino">Cinccino
"/wiki/Gothita" title="Gothita">Gothita
"/wiki/Gothorita" title="Gothorita">Gothorita
"/wiki/Gothitelle" title="Gothitelle">Gothitelle
"/wiki/Solosis" title="Solosis">Solosis
"/wiki/Duosion" title="Duosion">Duosion
"/wiki/Reuniclus" title="Reuniclus">Reuniclus
"/wiki/Ducklett" title="Ducklett">Ducklett
"/wiki/Swanna" title="Swanna">Swanna
"/wiki/Vanillite" title="Vanillite">Vanillite
"/wiki/Vanillish" title="Vanillish">Vanillish
"/wiki/Vanilluxe" title="Vanilluxe">Vanilluxe
"/wiki/Deerling" title="Deerling">Deerling
"/wiki/Sawsbuck" title="Sawsbuck">Sawsbuck
"/wiki/Emolga" title="Emolga">Emolga
"/wiki/Karrablast" title="Karrablast">Karrablast
"/wiki/Escavalier" title="Escavalier">Escavalier
"/wiki/Foongus" title="Foongus">Foongus
"/wiki/Amoonguss" title="Amoonguss">Amoonguss
"/wiki/Frillish" title="Frillish">Frillish
"/wiki/Jellicent" title="Jellicent">Jellicent
"/wiki/Alomomola" title="Alomomola">Alomomola
"/wiki/Joltik" title="Joltik">Joltik
"/wiki/Galvantula" title="Galvantula">Galvantula
"/wiki/Ferroseed" title="Ferroseed">Ferroseed
"/wiki/Ferrothorn" title="Ferrothorn">Ferrothorn
"/wiki/Klink" title="Klink">Klink
"/wiki/Klang" title="Klang">Klang
"/wiki/Klinklang" title="Klinklang">Klinklang
"/wiki/Tynamo" title="Tynamo">Tynamo
"/wiki/Eelektrik" title="Eelektrik">Eelektrik
"/wiki/Eelektross" title="Eelektross">Eelektross
"/wiki/Elgyem" title="Elgyem">Elgyem
"/wiki/Beheeyem" title="Beheeyem">Beheeyem
"/wiki/Litwick" title="Litwick">Litwick
"/wiki/Lampent" title="Lampent">Lampent
"/wiki/Chandelure" title="Chandelure">Chandelure
"/wiki/Axew" title="Axew">Axew
"/wiki/Fraxure" title="Fraxure">Fraxure
"/wiki/Haxorus" title="Haxorus">Haxorus
"/wiki/Cubchoo" title="Cubchoo">Cubchoo
"/wiki/Beartic" title="Beartic">Beartic
"/wiki/Cryogonal" title="Cryogonal">Cryogonal
"/wiki/Shelmet" title="Shelmet">Shelmet
"/wiki/Accelgor" title="Accelgor">Accelgor
"/wiki/Stunfisk" title="Stunfisk">Stunfisk
"/wiki/Mienfoo" title="Mienfoo">Mienfoo
"/wiki/Mienshao" title="Mienshao">Mienshao
"/wiki/Druddigon" title="Druddigon">Druddigon
"/wiki/Golett" title="Golett">Golett
"/wiki/Golurk" title="Golurk">Golurk
"/wiki/Pawniard" title="Pawniard">Pawniard
"/wiki/Bisharp" title="Bisharp">Bisharp
"/wiki/Bouffalant" title="Bouffalant">Bouffalant
"/wiki/Rufflet" title="Rufflet">Rufflet
"/wiki/Braviary" title="Braviary">Braviary
"/wiki/Vullaby" title="Vullaby">Vullaby
"/wiki/Mandibuzz" title="Mandibuzz">Mandibuzz
"/wiki/Heatmor" title="Heatmor">Heatmor
"/wiki/Durant" title="Durant">Durant
"/wiki/Deino" title="Deino">Deino
"/wiki/Zweilous" title="Zweilous">Zweilous
"/wiki/Hydreigon" title="Hydreigon">Hydreigon
"/wiki/Larvesta" title="Larvesta">Larvesta
"/wiki/Volcarona" title="Volcarona">Volcarona
"/wiki/Cobalion" title="Cobalion">Cobalion
"/wiki/Terrakion" title="Terrakion">Terrakion
"/wiki/Virizion" title="Virizion">Virizion
"/wiki/Tornadus" title="Tornadus">Tornadus
"/wiki/Thundurus" title="Thundurus">Thundurus
"/wiki/Reshiram" title="Reshiram">Reshiram
"/wiki/Zekrom" title="Zekrom">Zekrom
"/wiki/Landorus" title="Landorus">Landorus
"/wiki/Kyurem" title="Kyurem">Kyurem
"/wiki/Keldeo" title="Keldeo">Keldeo
"/wiki/Meloetta" title="Meloetta">Meloetta
"/wiki/Genesect" title="Genesect">Genesect
"/wiki/Chespin" title="Chespin">Chespin
"/wiki/Quilladin" title="Quilladin">Quilladin
"/wiki/Chesnaught" title="Chesnaught">Chesnaught
"/wiki/Fennekin" title="Fennekin">Fennekin
"/wiki/Braixen" title="Braixen">Braixen
"/wiki/Delphox" title="Delphox">Delphox
"/wiki/Froakie" title="Froakie">Froakie
"/wiki/Frogadier" title="Frogadier">Frogadier
"/wiki/Greninja" title="Greninja">Greninja
"/wiki/Bunnelby" title="Bunnelby">Bunnelby
"/wiki/Diggersby" title="Diggersby">Diggersby
"/wiki/Fletchling" title="Fletchling">Fletchling
"/wiki/Fletchinder" title="Fletchinder">Fletchinder
"/wiki/Talonflame" title="Talonflame">Talonflame
"/wiki/Scatterbug" title="Scatterbug">Scatterbug
"/wiki/Spewpa" title="Spewpa">Spewpa
"/wiki/Vivillon" title="Vivillon">Vivillon
"/wiki/Litleo" title="Litleo">Litleo
"/wiki/Pyroar" title="Pyroar">Pyroar
"/wiki/Flab%C3%A9b%C3%A9" title="Flabébé">Flabébé
"/wiki/Floette" title="Floette">Floette
"/wiki/Florges" title="Florges">Florges
"/wiki/Skiddo" title="Skiddo">Skiddo
"/wiki/Gogoat" title="Gogoat">Gogoat
"/wiki/Pancham" title="Pancham">Pancham
"/wiki/Pangoro" title="Pangoro">Pangoro
"/wiki/Furfrou" title="Furfrou">Furfrou
"/wiki/Espurr" title="Espurr">Espurr
"/wiki/Meowstic" title="Meowstic">Meowstic
"/wiki/Honedge" title="Honedge">Honedge
"/wiki/Doublade" title="Doublade">Doublade
"/wiki/Aegislash" title="Aegislash">Aegislash
"/wiki/Spritzee" title="Spritzee">Spritzee
"/wiki/Aromatisse" title="Aromatisse">Aromatisse
"/wiki/Swirlix" title="Swirlix">Swirlix
"/wiki/Slurpuff" title="Slurpuff">Slurpuff
"/wiki/Inkay" title="Inkay">Inkay
"/wiki/Malamar" title="Malamar">Malamar
"/wiki/Binacle" title="Binacle">Binacle
"/wiki/Barbaracle" title="Barbaracle">Barbaracle
"/wiki/Skrelp" title="Skrelp">Skrelp
"/wiki/Dragalge" title="Dragalge">Dragalge
"/wiki/Clauncher" title="Clauncher">Clauncher
"/wiki/Clawitzer" title="Clawitzer">Clawitzer
"/wiki/Helioptile" title="Helioptile">Helioptile
"/wiki/Heliolisk" title="Heliolisk">Heliolisk
"/wiki/Tyrunt" title="Tyrunt">Tyrunt
"/wiki/Tyrantrum" title="Tyrantrum">Tyrantrum
"/wiki/Amaura" title="Amaura">Amaura
"/wiki/Aurorus" title="Aurorus">Aurorus
"/wiki/Sylveon" title="Sylveon">Sylveon
"/wiki/Hawlucha" title="Hawlucha">Hawlucha
"/wiki/Dedenne" title="Dedenne">Dedenne
"/wiki/Carbink" title="Carbink">Carbink
"/wiki/Goomy" title="Goomy">Goomy
"/wiki/Sliggoo" title="Sliggoo">Sliggoo
"/wiki/Goodra" title="Goodra">Goodra
"/wiki/Klefki" title="Klefki">Klefki
"/wiki/Phantump" title="Phantump">Phantump
"/wiki/Trevenant" title="Trevenant">Trevenant
"/wiki/Pumpkaboo" title="Pumpkaboo">Pumpkaboo
"/wiki/Gourgeist" title="Gourgeist">Gourgeist
"/wiki/Bergmite" title="Bergmite">Bergmite
"/wiki/Avalugg" title="Avalugg">Avalugg
"/wiki/Noibat" title="Noibat">Noibat
"/wiki/Noivern" title="Noivern">Noivern
"/wiki/Xerneas" title="Xerneas">Xerneas
"/wiki/Yveltal" title="Yveltal">Yveltal
"/wiki/Zygarde" title="Zygarde">Zygarde
"/wiki/Diancie" title="Diancie">Diancie
"/wiki/Hoopa" title="Hoopa">Hoopa
"/wiki/Volcanion" title="Volcanion">Volcanion
"/wiki/Rowlet" title="Rowlet">Rowlet
"/wiki/Dartrix" title="Dartrix">Dartrix
"/wiki/Decidueye" title="Decidueye">Decidueye
"/wiki/Litten" title="Litten">Litten
"/wiki/Torracat" title="Torracat">Torracat
"/wiki/Incineroar" title="Incineroar">Incineroar
"/wiki/Popplio" title="Popplio">Popplio
"/wiki/Brionne" title="Brionne">Brionne
"/wiki/Primarina" title="Primarina">Primarina
"/wiki/Pikipek" title="Pikipek">Pikipek
"/wiki/Trumbeak" title="Trumbeak">Trumbeak
"/wiki/Toucannon" title="Toucannon">Toucannon
"/wiki/Yungoos" title="Yungoos">Yungoos
"/wiki/Gumshoos" title="Gumshoos">Gumshoos
"/wiki/Grubbin" title="Grubbin">Grubbin
"/wiki/Charjabug" title="Charjabug">Charjabug
"/wiki/Vikavolt" title="Vikavolt">Vikavolt
"/wiki/Crabrawler" title="Crabrawler">Crabrawler
"/wiki/Crabominable" title="Crabominable">Crabominable
"/wiki/Oricorio" title="Oricorio">Oricorio
"/wiki/Cutiefly" title="Cutiefly">Cutiefly
"/wiki/Ribombee" title="Ribombee">Ribombee
"/wiki/Rockruff" title="Rockruff">Rockruff
"/wiki/Lycanroc" title="Lycanroc">Lycanroc
"/wiki/Wishiwashi" title="Wishiwashi">Wishiwashi
"/wiki/Mareanie" title="Mareanie">Mareanie
"/wiki/Toxapex" title="Toxapex">Toxapex
"/wiki/Mudbray" title="Mudbray">Mudbray
"/wiki/Mudsdale" title="Mudsdale">Mudsdale
"/wiki/Dewpider" title="Dewpider">Dewpider
"/wiki/Araquanid" title="Araquanid">Araquanid
"/wiki/Fomantis" title="Fomantis">Fomantis
"/wiki/Lurantis" title="Lurantis">Lurantis
"/wiki/Morelull" title="Morelull">Morelull
"/wiki/Shiinotic" title="Shiinotic">Shiinotic
"/wiki/Salandit" title="Salandit">Salandit
"/wiki/Salazzle" title="Salazzle">Salazzle
"/wiki/Stufful" title="Stufful">Stufful
"/wiki/Bewear" title="Bewear">Bewear
"/wiki/Bounsweet" title="Bounsweet">Bounsweet
"/wiki/Steenee" title="Steenee">Steenee
"/wiki/Tsareena" title="Tsareena">Tsareena
"/wiki/Comfey" title="Comfey">Comfey
"/wiki/Oranguru" title="Oranguru">Oranguru
"/wiki/Passimian" title="Passimian">Passimian
"/wiki/Wimpod" title="Wimpod">Wimpod
"/wiki/Golisopod" title="Golisopod">Golisopod
"/wiki/Sandygast" title="Sandygast">Sandygast
"/wiki/Palossand" title="Palossand">Palossand
"/wiki/Pyukumuku" title="Pyukumuku">Pyukumuku
"/wiki/Type:_Null" title="Type: Null">Type: Null
"/wiki/Silvally" title="Silvally">Silvally
"/wiki/Minior" title="Minior">Minior
"/wiki/Komala" title="Komala">Komala
"/wiki/Turtonator" title="Turtonator">Turtonator
"/wiki/Togedemaru" title="Togedemaru">Togedemaru
"/wiki/Mimikyu" title="Mimikyu">Mimikyu
"/wiki/Bruxish" title="Bruxish">Bruxish
"/wiki/Drampa" title="Drampa">Drampa
"/wiki/Dhelmise" title="Dhelmise">Dhelmise
"/wiki/Jangmo-o" title="Jangmo-o">Jangmo-o
"/wiki/Hakamo-o" title="Hakamo-o">Hakamo-o
"/wiki/Kommo-o" title="Kommo-o">Kommo-o
"/wiki/Tapu_Koko" title="Tapu Koko">Tapu Koko
"/wiki/Tapu_Lele" title="Tapu Lele">Tapu Lele
"/wiki/Tapu_Bulu" title="Tapu Bulu">Tapu Bulu
"/wiki/Tapu_Fini" title="Tapu Fini">Tapu Fini
"/wiki/Cosmog" title="Cosmog">Cosmog
"/wiki/Cosmoem" title="Cosmoem">Cosmoem
"/wiki/Solgaleo" title="Solgaleo">Solgaleo
"/wiki/Lunala" title="Lunala">Lunala
"/wiki/Nihilego" title="Nihilego">Nihilego
"/wiki/Buzzwole" title="Buzzwole">Buzzwole
"/wiki/Pheromosa" title="Pheromosa">Pheromosa
"/wiki/Xurkitree" title="Xurkitree">Xurkitree
"/wiki/Celesteela" title="Celesteela">Celesteela
"/wiki/Kartana" title="Kartana">Kartana
"/wiki/Guzzlord" title="Guzzlord">Guzzlord
"/wiki/Necrozma" title="Necrozma">Necrozma
"/wiki/Magearna" title="Magearna">Magearna
"/wiki/Marshadow" title="Marshadow">Marshadow
"/wiki/Poipole" title="Poipole">Poipole
"/wiki/Naganadel" title="Naganadel">Naganadel
"/wiki/Stakataka" title="Stakataka">Stakataka
"/wiki/Blacephalon" title="Blacephalon">Blacephalon
"/wiki/Zeraora" title="Zeraora">Zeraora
"/wiki/Meltan" title="Meltan">Meltan
"/wiki/Melmetal" title="Melmetal">Melmetal
"/wiki/Grookey" title="Grookey">Grookey
"/wiki/Thwackey" title="Thwackey">Thwackey
"/wiki/Rillaboom" title="Rillaboom">Rillaboom
"/wiki/Scorbunny" title="Scorbunny">Scorbunny
"/wiki/Raboot" title="Raboot">Raboot
"/wiki/Cinderace" title="Cinderace">Cinderace
"/wiki/Sobble" title="Sobble">Sobble
"/wiki/Drizzile" title="Drizzile">Drizzile
"/wiki/Inteleon" title="Inteleon">Inteleon
"/wiki/Skwovet" title="Skwovet">Skwovet
"/wiki/Greedent" title="Greedent">Greedent
"/wiki/Rookidee" title="Rookidee">Rookidee
"/wiki/Corvisquire" title="Corvisquire">Corvisquire
"/wiki/Corviknight" title="Corviknight">Corviknight
"/wiki/Blipbug" title="Blipbug">Blipbug
"/wiki/Dottler" title="Dottler">Dottler
"/wiki/Orbeetle" title="Orbeetle">Orbeetle
"/wiki/Nickit" title="Nickit">Nickit
"/wiki/Thievul" title="Thievul">Thievul
"/wiki/Gossifleur" title="Gossifleur">Gossifleur
"/wiki/Eldegoss" title="Eldegoss">Eldegoss
"/wiki/Wooloo" title="Wooloo">Wooloo
"/wiki/Dubwool" title="Dubwool">Dubwool
"/wiki/Chewtle" title="Chewtle">Chewtle
"/wiki/Drednaw" title="Drednaw">Drednaw
"/wiki/Yamper" title="Yamper">Yamper
"/wiki/Boltund" title="Boltund">Boltund
"/wiki/Rolycoly" title="Rolycoly">Rolycoly
"/wiki/Carkol" title="Carkol">Carkol
"/wiki/Coalossal" title="Coalossal">Coalossal
"/wiki/Applin" title="Applin">Applin
"/wiki/Flapple" title="Flapple">Flapple
"/wiki/Appletun" title="Appletun">Appletun
"/wiki/Silicobra" title="Silicobra">Silicobra
"/wiki/Sandaconda" title="Sandaconda">Sandaconda
"/wiki/Sinistea" title="Sinistea">Sinistea
"/wiki/Polteageist" title="Polteageist">Polteageist
"/wiki/Mr._Rime" title="Mr. Rime">Mr. Rime
"/wiki/Runerigus" title="Runerigus">Runerigus
"/wiki/Stonjourner" title="Stonjourner">Stonjourner
"/wiki/Eiscue" title="Eiscue">Eiscue